question,document
Jak mogę założyć konto przez stronę internetową OLX?,2ddb5f16
"Jakie kroki muszę podjąć, żeby zarejestrować się w aplikacji mobilnej OLX?",2ddb5f16
"Co powinienem zrobić, jeśli nie widzę grafiki podczas rejestracji na OLX?",2ddb5f16
"Jakie wymagania musi spełniać hasło, gdy zakładam konto na OLX?",2ddb5f16
"Co mam zrobić, jeśli nie dostanę linku aktywacyjnego po rejestracji na OLX?",2ddb5f16
Jak mogę zweryfikować swoje konto na OLX?,943a92e0
Dlaczego nie otrzymałem SMS z kodem weryfikacyjnym?,943a92e0
Ile czasu zajmuje otrzymanie SMS z kodem weryfikacyjnym?,943a92e0
"Co mam zrobić, jeśli nie otrzymałem kodu weryfikacyjnego od OLX?",943a92e0
Czy ponoszę koszty za SMS weryfikacyjny od OLX?,943a92e0
"Dlaczego nie mogę zweryfikować konta, skoro używam mojego numeru telefonu?",9e41cc6b
"Co zrobić, jeśli mój numer telefonu jest już użyty do weryfikacji innego konta na OLX?",9e41cc6b
"Czy mogę zweryfikować nowe konto OLX, jeśli mam już jedno zweryfikowane kontem?",9e41cc6b
"Jak usunąć stare konto OLX, aby użyć numeru telefonu do nowego konta?",9e41cc6b
"Ile czasu zajmuje, zanim mogę użyć numeru telefonu ponownie po usunięciu konta na OLX?",9e41cc6b
"Próbuję zalogować się na OLX, ale dostaję komunikat, że nie znaleziono konta z tym adresem e-mail. Co mogę zrobić?",7e9de748
"Czy jest możliwe, że popełniłem błąd w wpisywanym adresie e-mail podczas próby logowania na OLX?",7e9de748
"Jak mogę zweryfikować, czy klawisz Caps Lock nie jest włączony, kiedy próbuję zalogować się na OLX?",7e9de748
Nie mogę zalogować się na moje konto OLX; czy sprawdzenie połączenia z internetem może pomóc?,7e9de748
"Jakie mogą być możliwe przyczyny, że nie mogę zalogować się na OLX i dostaję informację, że moje konto nie istnieje?",7e9de748
"Co zrobić, jeśli przy próbie zalogowania się do mojego konta OLX pojawia się komunikat o nieprawidłowym loginie lub haśle?",469cc1f8
Mam problem z logowaniem się na OLX i wyskakuje mi komunikat o błędnym haśle. Jak mogę to naprawić?,469cc1f8
"Czemu nie mogę się zalogować na swoje konto OLX, mimo że jestem pewien poprawnych danych? Czy coś mogło zostać zapisane automatycznie?",469cc1f8
"Jak mogę wyczyścić pamięć przeglądarki, aby upewnić się, że stare dane logowania do OLX nie będą podstawiane?",469cc1f8
"Jak skorzystać z opcji zmiany hasła, gdy nie jestem pewien swojego hasła do konta OLX i nie mogę się zalogować?",469cc1f8
Dlaczego pojawia mi się błąd przy próbie zalogowania się do aplikacji OLX?,0b78fb57
"Co zrobić, jeśli nie mogę zalogować się do mojego konta w aplikacji OLX?",0b78fb57
Jak rozwiązać problem z logowaniem w aplikacji OLX?,0b78fb57
"Czy mogę naprawić błąd logowania w OLX, odinstalowując i ponownie instalując aplikację?",0b78fb57
"Jakie kroki powinienem podjąć, gdy napotkam problem z logowaniem na moje konto OLX?",0b78fb57
Jak mogę na zawsze usunąć moje konto OLX?,4dcf8b35
"Co się stanie z moimi danymi, jeśli usunę konto OLX?",4dcf8b35
Jak usunąć konto OLX przez aplikację mobilną?,4dcf8b35
Jak mogę usunąć konto OLX używając strony internetowej?,4dcf8b35
Czy mogę odzyskać moje konto OLX po jego usunięciu?,4dcf8b35
Jak mogę zmienić mój adres e-mail powiązany z kontem na OLX?,e8caa77b
"Jakie kroki muszę wykonać, aby zaktualizować adres e-mail w aplikacji mobilnej OLX?",e8caa77b
Gdzie znajdę opcję zmiany adresu e-mail w ustawieniach mojego konta OLX?,e8caa77b
Czy muszę potwierdzić nowy adres e-mail po jego zmianie na koncie OLX?,e8caa77b
"Co powinienem zrobić, jeśli nie otrzymałem maila z potwierdzeniem zmiany adresu e-mail od OLX?",e8caa77b
Jak mogę zmienić dane kontaktowe na moim koncie OLX?,6c146627
"Co muszę zrobić, aby zmienić nazwę osoby kontaktowej w aplikacji OLX?",6c146627
"Jakie kroki muszę wykonać, aby zaktualizować podstawowe informacje w moim profilu OLX?",6c146627
Czy zmiana danych kontaktowych na OLX będzie widoczna w ogłoszeniach już opublikowanych?,6c146627
Jak mogę edytować dane kontaktowe w już aktywnych ogłoszeniach na OLX?,6c146627
"Jak mogę dodać swoje ogłoszenie na OLX, korzystając z komputera?",342037c3
"Jakie kroki muszę przejść, aby dodać ogłoszenie na OLX z poziomu aplikacji mobilnej?",342037c3
"Jak zrobić, by moje ogłoszenie miało atrakcyjny i dokładny tytuł na OLX?",342037c3
"Czy mogę zamieścić ogłoszenie na OLX bez podawania ceny, jeśli oferuję usługi?",342037c3
"Jakie warunki muszą spełniać zdjęcia dodawane do ogłoszenia na OLX, na przykład w kategorii Moda?",342037c3
W której kategorii mogę umieścić ogłoszenie dotyczące starych monet?,be4ae5c8
Do jakiej kategorii wstawić ogłoszenie o sprzedaży wózka dziecięcego?,be4ae5c8
"Jaką kategorię wybrać, jeśli oferuję usługi budowlane?",be4ae5c8
Gdzie powinienem dodać ogłoszenie jeśli oferuję noclegi w górach?,be4ae5c8
W jakiej kategorii umieścić ogłoszenie o sprzedaży telefonu komórkowego?,be4ae5c8
Jak mogę zmienić treść mojego ogłoszenia na OLX?,7c7a4947
Czy mogę zmienić kategorię mojego ogłoszenia po jego opublikowaniu na OLX?,7c7a4947
Czy mogę edytować lokalizację w ogłoszeniu dotyczącym wynajmu nieruchomości?,7c7a4947
Jakie parametry mogę edytować w ogłoszeniu dotyczącym pojazdów na OLX?,7c7a4947
"Jakie kroki muszę wykonać, aby edytować swoje ogłoszenie na OLX przez aplikację mobilną?",7c7a4947
"Co mogę zrobić, żeby moje ogłoszenie na OLX było aktywne dłużej niż 30 dni?",790a7ddb
Jak mogę ustawić automatyczne przedłużanie ogłoszenia na OLX?,790a7ddb
"Co powinienem zrobić, jeśli moje ogłoszenie na OLX wygasło, ale chcę je ponownie opublikować?",790a7ddb
"Czy mogę przedłużyć wygasłe ogłoszenie na OLX, korzystając z opcji masowej aktywacji?",790a7ddb
"Jakie kroki muszę podjąć, aby przedłużyć moje ogłoszenie na OLX?",790a7ddb
Jak mogę zakończyć swoje ogłoszenie na OLX?,1106b1dc
"Które kroki muszę wykonać, aby zakończyć moje ogłoszenie na OLX za pomocą strony internetowej?",1106b1dc
Jak wygląda proces zakończenia ogłoszenia w aplikacji mobilnej OLX?,1106b1dc
"Czy mogę ponownie aktywować ogłoszenie, które zostało zakończone na OLX?",1106b1dc
"Co muszę zrobić, aby trwale usunąć ogłoszenie z OLX i czy istnieje możliwość jego odzyskania?",1106b1dc
"Co mogę zrobić, jeśli po zaakceptowaniu ogłoszenia stwierdzę, że wybrałem złą kategorię?",bdf287a5
"Jak mogę upewnić się, że wybrałem odpowiednią kategorię dla mojego ogłoszenia?",bdf287a5
Czy mogę zmienić kategorię ogłoszenia po jego aktywacji na OLX?,bdf287a5
"Do kogo mogę się zwrócić, jeśli chcę zmienić kategorię mojego ogłoszenia?",bdf287a5
"Co zrobić, jeśli nie jestem pewien, którą kategorię wybrać dla nowego ogłoszenia?",bdf287a5
"Jak mogę zapłacić za przedmiot z wysyłką, który znalazłem na OLX?",2e80fa3d
"Co muszę zrobić, aby zapłacić za przedmiot z Przesyłką OLX?",2e80fa3d
Gdzie mogę wybrać sposób zapłaty przy zakupie z Przesyłką OLX?,2e80fa3d
Jakie opcje płatności są dostępne przy zakupach z Przesyłką OLX?,2e80fa3d
"Co zrobić, jeśli nie widzę mojego banku na liście przy zakupie z Przesyłką OLX?",2e80fa3d
"Jak mogę otrzymać kod do odbioru paczki, jeśli zamówiłem dostawę do punktu Orlen Paczki?",d132587e
Nie znalazłem kodu odbioru paczki w skrzynce pocztowej. Co mogę zrobić?,d132587e
"Co zrobić, jeśli podałem błędny numer telefonu podczas zamawiania paczki do punktu Poczty Polskiej?",d132587e
"Jak otrzymam kod odbioru paczki, jeśli paczka dotarła do paczkomatu InPost?",d132587e
"Jakie kroki podjąć, jeśli nie otrzymałem kodu odbioru paczki z powodu blokady SMS Premium na moim telefonie?",d132587e
"Jakie są najważniejsze zasady, które należy uwzględnić, aby zdjęcia w ogłoszeniu były atrakcyjne?",c95af011
"W jaki sposób mogę zapewnić, że moje zdjęcia przedmiotów są ostre i wyraźne na OLX?",c95af011
"Jakie oświetlenie jest najlepsze do robienia zdjęć przedmiotom, które chcę sprzedać na OLX?",c95af011
"Co mogę zrobić, aby moje zdjęcia na OLX miały jednolite tło i dobrze prezentowały przedmiot?",c95af011
"Jakie techniki kadrowania mogę zastosować, aby moje zdjęcia na OLX były bardziej atrakcyjne dla kupujących?",c95af011
"Jak mogę udostępnić moją lokalizację, jeśli umawiam się z kimś na odbiór osobisty na OLX?",38edb241
"Czy mogę udostępnić moją lokalizację sprzedawcy w OLX, jeśli używam tylko wersji przeglądarkowej?",38edb241
"Gdzie mogę znaleźć znacznik lokalizacji w aplikacji OLX, gdy chcę udostępnić miejsce spotkania?",38edb241
Dlaczego nie widzę opcji udostępnienia lokalizacji w wiadomościach na OLX?,38edb241
"Czy muszę być zalogowany na swoje konto w OLX, żeby udostępnić komuś moją lokalizację?",38edb241
Jak mogę dodać adres e-mail OLX do zaufanych w mojej skrzynce Gmail?,e55a6ace
"Gdzie znajdę wiadomość od OLX, jeśli trafiła do spamu w Gmailu?",e55a6ace
"Jakie kroki muszę podjąć, aby oznaczyć wiadomość od OLX jako nie-spam w Gmailu?",e55a6ace
W jaki sposób mogę dodać adresy e-mail OLX do mojej listy kontaktów w Gmailu?,e55a6ace
"Co zrobić, aby e-maile od OLX nie trafiały już do folderu spam w Gmailu?",e55a6ace
"Jak mogę zalogować się do mojej skrzynki pocztowej na onet.pl, żeby dodać adres e-mail OLX do zaufanych?",953c5400
"Jakie kroki muszę podjąć, żeby w ustawieniach poczty na Onet dodać adresy OLX do mojej listy zaufanych?",953c5400
Gdzie znajdę opcję Antyspam w ustawieniach poczty na onet.pl?,953c5400
Jakie adresy e-mail OLX powinienem dodać do zaufanych w mojej skrzynce na Onet?,953c5400
"Który przycisk kliknąć, żeby dodać adresy e-mail OLX do zaufanych na onet.pl?",953c5400
Jak mogę dodać adres e-mail OLX do zaufanych na Interii?,b7c49ccc
Kroki do dodania noreply@olx.pl jako zaufany adres dla poczty Interia?,b7c49ccc
"W jaki sposób skonfigurować antyspam na Interii, aby e-maile z OLX nie trafiały do spamu?",b7c49ccc
Jakie adresy e-mail OLX muszę dodać do zaufanych w ustawieniach Interii?,b7c49ccc
Gdzie w ustawieniach Interii mogę dodać adresy e-mail OLX do zaufanych?,b7c49ccc
Jak mogę dodać adresy e-mail OLX do zaufanych na mojej skrzynce na WP?,b6427a45
"Ktoś może mi powiedzieć, jak przestać dostawać e-maile z OLX do folderu spam w Wirtualnej Polsce?",b6427a45
"Jakie kroki muszę podjąć, żeby e-maile od OLX były zawsze odbierane na wp.pl?",b6427a45
W jaki sposób mogę dodać adresy OLX do białej listy w mojej skrzynce na WP?,b6427a45
"Co muszę zrobić, aby wiadomości z adresów OLX na pewno nie trafiały do spamu na WP?",b6427a45
Jak mogę dodać adresy OLX do zaufanych na mojej poczcie o2?,60a68db3
"Skąd mogę wiedzieć, gdzie znaleźć opcje dodawania filtrów na poczcie Tlen?",60a68db3
"Jakie są dokładne adresy e-mail OLX, które powinienem dodać do białej listy na o2?",60a68db3
Jak mogę zapobiec oznaczaniu e-maili od OLX jako spam na mojej skrzynce pocztowej o2?,60a68db3
"Które opcje muszę zaznaczyć, aby e-maile od OLX nie były oznaczane jako spam na o2?",60a68db3
Jak mogę dodać adres e-mail OLX do zaufanych w Apple Mail?,ad5b87dc
"Czy ktoś mógłby mi wyjaśnić, jak stworzyć nową zasadę w Apple Mail, aby wiadomości OLX trafiały do skrzynki odbiorczej?",ad5b87dc
"Gdzie znajdę opcję 'Dodaj zasadę' w Apple Mail, aby dodać OLX do zaufanych nadawców?",ad5b87dc
Jakie adresy e-mail OLX muszę dodać do zaufanych nadawców w Apple Mail?,ad5b87dc
"Jakie kroki muszę podjąć, aby wiadomości od OLX nie trafiały do folderu spam w Apple Mail?",ad5b87dc
SEKCJA,ce9623ca
ZAGADNIENIE,ce9623ca
PYTANIA,ce9623ca
"Czy oceny są widoczne we wszystkich moich ogłoszeniach, jeśli sprzedaję różne przedmioty?",314ee8cf
"Czy mogę ocenić sprzedającego, jeśli kupiłem coś spoza kategorii obsługiwanych przez Przesyłkę OLX?",314ee8cf
Czy oceny są widoczne w kategoriach takich jak Usługi lub Praca?,314ee8cf
"Jakie są wymagania, aby oceny były widoczne przy moich ogłoszeniach na OLX?",314ee8cf
"Czy mogę wystawiać oceny sprzedającym w aplikacji OLX, jeśli korzystam z wersji starszej niż 4.95.1 na iOS?",314ee8cf
Kiedy mogę wystawić ocenę sprzedającemu na OLX?,eefc3ee3
Jak wygląda proces ocenienia sprzedającego po zakupie przedmiotu z Przesyłką OLX?,eefc3ee3
"Czy mogę ocenić sprzedającego, jeśli kupiłem przedmiot bez Przesyłki OLX?",eefc3ee3
"Co zrobić, jeśli chcę ocenić sprzedającego na OLX po otrzymaniu przedmiotu?",eefc3ee3
Czy moją ocenę sprzedającego na OLX zobaczą też inni użytkownicy?,eefc3ee3
"Czy mogę w jakiś sposób edytować ocenę, którą już komuś wystawiłem?",f7c6bf38
Czy istnieje możliwość zmiany wystawionej wcześniej oceny na platformie OLX?,f7c6bf38
"Jeśli oceniłem sprzedającego i chciałbym to zmienić, co mogę zrobić?",f7c6bf38
Czy mogę poprawić lub zmodyfikować swoją wcześniejszą ocenę dla sprzedawcy?,f7c6bf38
W jaki sposób mogę zmienić ocenę po jej wystawieniu?,f7c6bf38
Czym dokładnie jest zweryfikowana ocena na OLX?,0eb46939
"Jakie warunki muszą być spełnione, aby ocena była zweryfikowana?",0eb46939
"Czy mogę otrzymać zweryfikowaną ocenę, jeśli przesyłka nie była realizowana przez OLX?",0eb46939
"Czy wszystkie transakcje na OLX mają zweryfikowane oceny, czy tylko te z Przesyłką OLX?",0eb46939
Dlaczego OLX zbiera zweryfikowane oceny tylko dla przesyłek OLX?,0eb46939
Jakie jest znaczenie jednej gwiazdki w systemie ocen na OLX?,5e043cfd
"Co oznacza, jeśli przyznam dwie gwiazdki sprzedającemu na OLX?",5e043cfd
"Jak odbierana jest średnia ocena, czyli trzy gwiazdki, w systemie ocen OLX?",5e043cfd
Czy cztery gwiazdki to dobra ocena dla sprzedającego na platformie OLX?,5e043cfd
Jakie znaczenie ma przyznanie pięciu gwiazdek w systemie ocen OLX?,5e043cfd
Czym są tagi w systemie ocen na OLX?,b1f31cc0
"Kiedy tagi w systemie ocen są obowiązkowe, a kiedy nieobowiązkowe?",b1f31cc0
Jakie pozytywne tagi mogę wybrać w systemie ocen na OLX?,b1f31cc0
Które tagi są widoczne przy trzech gwiazdkach lub mniej w ocenach na OLX?,b1f31cc0
"Czy mogę zmienić tagi, które wcześniej dodałem do oceny na OLX?",b1f31cc0
Czy mogę teraz pisać komentarze w moich ocenach na OLX?,ea83195e
Kiedy będzie można dodawać komentarze tekstowe do ocen?,ea83195e
Czy da się dodać komentarz tekstowy do już wystawionej oceny na OLX?,ea83195e
Czy OLX ma funkcję komentarzy tekstowych w systemie ocen?,ea83195e
"Jeśli komentarze tekstowe będą dostępne, czy mogę ich użyć do poprzednich ocen?",ea83195e
Gdzie mogę zobaczyć oceny sprzedającego na OLX?,e3610c01
W których miejscach na OLX są wyświetlane oceny użytkowników?,e3610c01
"Jak mogę sprawdzić, ile ocen ma dany sprzedający na OLX?",e3610c01
Czy na profilu sprzedającego widoczne są szczegóły ocen?,e3610c01
"Gdzie znajdę analizę ocen, ile razy przyznano każdą ocenę sprzedającemu na OLX?",e3610c01
"Jakie są przyczyny, dla których niektórzy sprzedawcy mają dwie różne oceny na swoim profilu?",b8121ab6
Czemu widzę dwie oceny w profilu sprzedającego? Skąd one się biorą?,b8121ab6
Co oznaczają dwie różne oceny na profilu sprzedającego w OLX?,b8121ab6
"Jeśli sprzedający ma dwie oceny, to która jest aktualna i dlaczego?",b8121ab6
Dlaczego sprzedający może nie mieć nowej lub poprzedniej oceny w ich profilu?,b8121ab6
Co oznacza 'poprzednia ocena' na profilu sprzedającego?,2f4756d7
"Jakie znaczenie mają oceny, które widzę jako 'poprzednia ocena' w profilach użytkowników?",2f4756d7
Do kiedy będą widoczne 'poprzednie oceny' sprzedających na OLX?,2f4756d7
Jak obliczana była ogólna ocena w poprzednim systemie ocen na OLX?,2f4756d7
Jakie były przedziały punktowe i ich znaczenie w poprzednim systemie ocen sprzedających na OLX?,2f4756d7
"Czy mogę zobaczyć wszystkie oceny, które dostałem wcześniej?",ec79b98a
Jak odzyskać listę wszystkich moich starych ocen na OLX?,ec79b98a
"Jeśli zgubiłem moje oceny, jak mogę je odzyskać?",ec79b98a
"Czy istnieje sposób, aby zobaczyć moje poprzednie oceny na OLX?",ec79b98a
"Gdzie mogę znaleźć wszystkie oceny, które otrzymałem wcześniej na OLX?",ec79b98a
"Jak mogę sprawdzić wszystkie oceny, które wystawiłem jako kupujący na OLX?",0d5c9008
"Gdzie znajdę oceny, które wystawiłem innym użytkownikom na OLX?",0d5c9008
Które szczegóły mogę zobaczyć przy każdej wystawionej przeze mnie ocenie?,0d5c9008
"Czy mogę usunąć ocenę, którą wystawiłem, i jak będzie to widoczne?",0d5c9008
"Jak uporządkowane są oceny, które wystawiłem na OLX, i gdzie mogę je zobaczyć?",0d5c9008
"Jak mogę sprawdzić, jakie oceny dostałem jako sprzedający na OLX?",c4479dd3
"Jak mogę znaleźć listę ocen, które otrzymałem na moim koncie OLX?",c4479dd3
Jakie informacje są wyświetlane dla każdej oceny w moich otrzymanych ocenach na OLX?,c4479dd3
"Jak mogę zobaczyć, kto mnie ocenił i kiedy na OLX?",c4479dd3
Czy mogę usuwać otrzymane oceny na OLX i jak to jest zaznaczane?,c4479dd3
"W jaki sposób dowiem się, że ktoś wystawił mi nową ocenę na OLX?",fbdcafed
Jak otrzymam informację o nowej ocenie od kupującego?,fbdcafed
"Gdzie mogę sprawdzić, czy dostałem nową ocenę za sprzedaż?",fbdcafed
Czy OLX powiadomi mnie o nowej ocenie za pomocą e-maila?,fbdcafed
W jaki sposób OLX informuje sprzedających o ocenach?,fbdcafed
Jak dokładnie obliczana jest moja ocena jako sprzedającego na OLX?,f151c2bb
W jaki sposób system OLX przelicza oceny od kupujących na moją średnią ocenę?,f151c2bb
Jakie kryteria są brane pod uwagę przy liczeniu mojej oceny jako sprzedającego?,f151c2bb
Co wpływa na moją średnią ocenę jako sprzedawcy na OLX?,f151c2bb
Jakie konkretne oceny wpływają na obliczenie mojej całościowej oceny sprzedającego?,f151c2bb
"Czy mogę samodzielnie usunąć ocenę, którą wystawiłem na OLX?",01f95cb6
"Jakie są kroki do usunięcia oceny na OLX, jeśli uważam ją za niesprawiedliwą?",01f95cb6
"Czy OLX usunie ocenę, jeśli zarzuty w niej zawarte są fałszywe?",01f95cb6
"Czy mogę ponownie ocenić sprzedającego, jeśli moja pierwotna ocena została usunięta?",01f95cb6
"Jakie są uzasadnione powody, aby OLX usunęło ocenę z profilu sprzedającego?",01f95cb6
"Miałem anulowane zamówienie na OLX, czy mogę wystawić ocenę sprzedającemu?",bde8bc7c
"Chciałbym ocenić sprzedawcę, ale moje zamówienie zostało anulowane. Czy to możliwe?",bde8bc7c
"Jeśli moje zamówienie zostało anulowane, mogę ocenić sprzedającego na OLX?",bde8bc7c
"Czy mogę zostawić ocenę, jeśli moje zamówienie nie zostało dostarczone?",bde8bc7c
"Anulowałem zamówienie, ale przedmiot był już w drodze. Czy mogę ocenić sprzedającego?",bde8bc7c
"Czy mogę ocenić sprzedającego, jeśli jeszcze nie odebrałem paczki z punktu odbioru?",d4e7a30b
"Czy mogę wystawić ocenę sprzedającemu, jeśli zamówienie nie zostało dostarczone?",d4e7a30b
"Czy mogę dodać opinię o sprzedającym, jeśli jeszcze nie otrzymałem przedmiotu?",d4e7a30b
"Czy jestem w stanie ocenić transakcję, jeśli nie odebrałem przesyłki?",d4e7a30b
"Czy mogę wystawić ocenę, jeśli przedmiot jeszcze nie dotarł do mnie, tylko do punktu odbioru?",d4e7a30b
Czy mogę ocenić lub otrzymać ocenę na OLX bez użycia Przesyłki OLX?,78b8c86d
"Czy mogę wystawić ocenę komuś, jeśli tylko rozmawialiśmy na czacie OLX?",78b8c86d
Czy istnieje możliwość wystawienia oceny bez wykonania transakcji z Przesyłką OLX?,78b8c86d
"Czy mogę otrzymać ocenę, jeśli kupuję przedmiot bez korzystania z Przesyłki OLX?",78b8c86d
Dlaczego system ocen na OLX nie pozwala na wystawianie ocen bez używania Przesyłki OLX?,78b8c86d
Co oznacza ocena w systemie ocen na OLX?,37570bca
Jakie znaczenie mają gwiazdki w ocenie sprzedającego na OLX?,37570bca
Co to są tagi i jak wpływają na ocenę sprzedającego na OLX?,37570bca
Jak obliczana jest łączna ocena sprzedającego na OLX?,37570bca
Czym różni się zweryfikowana ocena od innych ocen na OLX?,37570bca
Czym dokładnie jest ogłoszenie na OLX?,896d0dae
Jakie informacje powinno zawierać ogłoszenie na OLX?,896d0dae
Co rozumie się przez ogłoszenie w kontekście sprzedaży lub świadczenia przedmiotu?,896d0dae
Czy ogłoszenie na OLX może dotyczyć zaproszenia do procesu rekrutacyjnego?,896d0dae
Jakie zasady regulują publikowanie ogłoszeń na OLX?,896d0dae
Jak mogę uzyskać pełną funkcjonalność mojego konta na OLX?,aa9e24ac
"Czy muszę być zalogowany, aby korzystać z wszystkich możliwości OLX?",aa9e24ac
Jakie korzyści daje mi założenie konta na OLX?,aa9e24ac
Czy mogę publikować ogłoszenia bez rejestracji na OLX?,aa9e24ac
Na czym polega używanie serwisu Fixly z kontem OLX?,aa9e24ac
"Czy mogę korzystać z OLX, jeśli jestem osobą fizyczną?",84d8b35f
Czy firma może mieć konto na OLX?,84d8b35f
Kto może działać w imieniu firmy na OLX?,84d8b35f
"Czy muszę mieć pełną zdolność do czynności prawnych, aby korzystać z OLX?",84d8b35f
Czy jednostki bez osobowości prawnej mogą mieć konto na OLX?,84d8b35f
Czy mogę mieć więcej niż jedno konto na OLX?,d30e6624
Czy mogę stworzyć osobne konto na potrzeby mojej działalności gospodarczej?,d30e6624
"Co zrobić, jeśli zapomnę hasła do konta na OLX?",d30e6624
Czy mogę mieć różne konta dla różnych oddziałów mojej firmy na OLX?,d30e6624
"Co się stanie, jeśli OLX uzna, że posiadam zbyt wiele kont związanych z działalnością gospodarczą?",d30e6624
"Jakie dane muszę podać, żeby zarejestrować konto na OLX?",f018251f
Czy mogę zarejestrować się na OLX za pomocą mojego konta na Facebooku?,f018251f
Czy mogę użyć mojego konta na Google do rejestracji na OLX?,f018251f
Czy muszę zaakceptować regulamin OLX podczas rejestracji?,f018251f
Jakie są wymagania dotyczące hasła podczas rejestracji na OLX?,f018251f
W jaki sposób OLX przetwarza moje dane osobowe?,ea07084a
Czy OLX przetwarza dane osób działających w imieniu użytkowników?,ea07084a
Czy OLX przetwarza dane gości odwiedzających stronę?,ea07084a
Gdzie mogę znaleźć informacje na temat przetwarzania danych przez OLX?,ea07084a
Czy OLX stosuje się do Polityki Prywatności podczas przetwarzania danych?,ea07084a
Jak dokonuję aktywacji mojego konta po zakończeniu rejestracji na OLX?,33813c2c
"Otrzymałem maila z linkiem do aktywacji konta, co dalej?",33813c2c
"Co się stanie, jeśli nie aktywuję konta w ciągu 30 dni?",33813c2c
"Jak mogę ponownie zarejestrować się na OLX, jeżeli mój link aktywacyjny wygasł?",33813c2c
Czy mogę ponownie użyć tego samego adresu email do rejestracji po wygaśnięciu linku aktywacyjnego?,33813c2c
"Co się stanie, jeśli podam nieprawdziwe dane podczas rejestracji na OLX?",a74246e6
Czy mogę używać fałszywych informacji w moim profilu OLX?,a74246e6
Jakie konsekwencje grożą mi za niedokładne lub nieaktualne dane na OLX?,a74246e6
"Czy OLX zablokuje moje konto, jeśli moje dane będą nieaktualne?",a74246e6
Jakie są wymagania dotyczące podawania danych osobowych podczas rejestracji na OLX?,a74246e6
Czy osoba reprezentująca firmę w OLX musi mieć specjalne upoważnienie?,1f9773b9
"Jakie dokumenty są potrzebne, aby osoba mogła działać na OLX w imieniu firmy?",1f9773b9
"Czy OLX może weryfikować, czy ktoś faktycznie reprezentuje firmę na platformie?",1f9773b9
Czy osoba bez upoważnienia może zarządzać kontem firmy na OLX?,1f9773b9
Co oznacza należyte upoważnienie do działania w imieniu firmy w serwisie OLX?,1f9773b9
Czy mogę udostępniać swoje dane dostępu do konta OLX innym osobom?,bf244995
"Co zrobić, jeśli podejrzewam, że ktoś niepowołany uzyskał dostęp do mojego konta OLX?",bf244995
Jak powinienem chronić swoje dane dostępu do konta OLX przed osobami trzecimi?,bf244995
"Czy OLX wymaga, aby dane logowania do konta pozostały poufne?",bf244995
"W jaki sposób mogę zmienić swoje dane dostępu do konta OLX, jeśli zostały przejęte przez niepowołane osoby?",bf244995
Na jak długo zostaje zawarta umowa usługi Konta na OLX?,0f5525bd
"Co muszę zrobić, aby usunąć swoje konto na OLX?",0f5525bd
Czy po usunięciu konta na OLX tracę dostęp do wszystkich informacji i danych?,0f5525bd
"Czy mogę zamknąć swoje konto na OLX, jeśli mam jeszcze środki na moim Portfelu OLX?",0f5525bd
Kiedy dokładnie umowa usługi Konta na OLX przestaje być skuteczna po usunięciu konta?,0f5525bd
"Jak długo muszę być nieaktywny, żeby moje konto zostało usunięte przez OLX?",b61f3a70
"Co się stanie, jeśli nie zaloguję się na moje konto OLX przez ponad dwa lata?",b61f3a70
Dostanę jakieś powiadomienie zanim OLX usunie moje konto?,b61f3a70
"Czy mogę odzyskać moje konto OLX, jeśli usunęli je z powodu nieaktywności?",b61f3a70
"Co muszę zrobić, jeśli otrzymam od OLX wiadomość o usunięciu mojego konta?",b61f3a70
"Jakie są powody, dla których OLX może poprosić o dodatkowe informacje przy rozwiązaniu umowy z użytkownikiem?",a67ae3a0
"Co się stanie, jeśli Grupa OLX poprosi mnie o dodatkowe dane przy rozwiązaniu umowy?",a67ae3a0
"Jakie działania podejmuje OLX, jeśli nie przejdę weryfikacji danych przy rozwiązaniu umowy?",a67ae3a0
"Czy OLX może zablokować moje konto, jeśli nie przekażę wymaganych dodatkowych danych przy rozwiązaniu umowy?",a67ae3a0
Czy OLX może poprosić mnie o potwierdzenie tożsamości w trakcie rozwiązania umowy z użytkownikiem?,a67ae3a0
Czy jako konsument mogę zrezygnować z umowy zawartej z OLX w ciągu 14 dni?,47ae523b
"Jak mogę odstąpić od umowy z OLX, jeśli nie chcę podawać przyczyny?",47ae523b
Czy mogę złożyć oświadczenie o odstąpieniu od umowy OLX przez formularz kontaktowy?,47ae523b
"Co się stanie z moim kontem OLX, jeśli odstąpię od umowy w ciągu 14 dni?",47ae523b
Gdzie mogę znaleźć wzór formularza o odstąpieniu od umowy z OLX?,47ae523b
Jak mogę rozwiązać umowę usługi Konta jako Użytkownik Biznesowy?,2b0d81ee
"Co muszę zrobić, jeśli nie akceptuję zmian w Regulaminie OLX jako Użytkownik Biznesowy?",2b0d81ee
"Ile mam czasu na powiadomienie Grupy OLX o braku akceptacji zmian w Regulaminie, aby rozwiązać umowę usługi Konta?",2b0d81ee
"Kiedy umowa usługi Konta zostanie rozwiązana, jeśli poinformuję OLX, że nie akceptuję nowych warunków?",2b0d81ee
"Czy mogę nadal korzystać z Konta na OLX, jeśli dokonam publikacji nowego ogłoszenia, mimo że zgłosiłem brak akceptacji zmian?",2b0d81ee
"Czy muszę wskazać, czy korzystam z OLX jako przedsiębiorca, czy prywatnie?",059738e5
Co oznacza deklaracja użytkownika na temat korzystania z OLX jako przedsiębiorca lub prywatnie?,059738e5
Czy moja deklaracja jako użytkownik OLX wpłynie na moje ogłoszenia i transakcje?,059738e5
Jakie są różnice między korzystaniem z OLX jako przedsiębiorca a prywatnie?,059738e5
"Czy muszę ponownie deklarować swoje konto na OLX, jeśli zmienię formę działalności?",059738e5
"Czy jako użytkownik muszę jasno określić, czy działam jako przedsiębiorca czy prywatna osoba podczas zawierania transakcji na OLX?",0d8df57a
Co oznacza działanie zgodnie z moją deklaracją odnośnie charakteru podczas korzystania z serwisu OLX?,0d8df57a
Jakie są moje obowiązki jako użytkownika przy zawieraniu transakcji z usługami Płatności OLX i Przesyłki OLX?,0d8df57a
"Czy mogę zawierać transakcje na OLX bez określenia, czy działam jako przedsiębiorca, czy prywatnie?",0d8df57a
"Jaka jest różnica w obowiązkach użytkownika OLX, który działa jako przedsiębiorca, a tym, który działa prywatnie?",0d8df57a
Czy jako użytkownik biznesowy muszę podawać dane kontaktowe na OLX?,5c920aad
Jakie dane muszę przekazać OLX jako użytkownik biznesowy?,5c920aad
Czy moje dane jako użytkownika biznesowego będą publicznie dostępne na OLX?,5c920aad
Czy mogę publikować ogłoszenia na OLX bez podawania danych identyfikacyjnych jako użytkownik biznesowy?,5c920aad
Jakie usługi na OLX wymagają podania danych kontaktowych przez użytkowników biznesowych?,5c920aad
Czy mogę używać OLX do zamieszczania treści o charakterze rasistowskim lub dyskryminującym?,bf80eb5e
Czy wolno mi sprzedawać na OLX przedmioty objęte postępowaniem egzekucyjnym?,bf80eb5e
Czy mogę ingerować w zawartość kont innych użytkowników OLX?,bf80eb5e
"Czy na OLX mogę sprzedawać przedmioty, które są przedmiotem sporu sądowego?",bf80eb5e
"Czy wolno mi podawać nieprawdziwe informacje o przedmiocie, który wystawiam na OLX?",bf80eb5e
Na jakim etapie korzystania z OLX muszę przestrzegać zobowiązań określonych w punkcie 13.1 Regulaminu?,fc0dd85c
"Czy muszę przestrzegać regulaminu OLX, kiedy wysyłam wiadomości do innych użytkowników?",fc0dd85c
Czy jestem zobowiązany do przestrzegania regulaminu podczas publikacji ogłoszeń na OLX?,fc0dd85c
Czy zasady z punktu 13.1 Regulaminu obowiązują mnie we wszystkich funkcjach serwisu OLX?,fc0dd85c
Czy zobowiązania określone w punkcie 13.1 Regulaminu dotyczą każdej funkcjonalności na OLX?,fc0dd85c
Jakie są zasady publikowania treści na OLX?,7bfb63ba
Czy OLX automatycznie weryfikuje wszystkie dodane treści?,7bfb63ba
Jak odbywa się proces przesyłania treści na OLX?,7bfb63ba
Czy mogę ręcznie przesłać treści na OLX?,7bfb63ba
Czy OLX sprawdza każdą treść przed jej publikacją?,7bfb63ba
"Co się stanie, jeśli zmienię treść mojego ogłoszenia po jego publikacji?",7293f181
"Czy OLX sprawdza zmienione ogłoszenia, aby upewnić się, że zgodne są z regulaminem?",7293f181
"Jakie działania może podjąć OLX, jeśli zmienię treść mojego ogłoszenia?",7293f181
Czy OLX może usunąć moje ogłoszenie po jego edycji?,7293f181
"Jak OLX reaguje na zmiany w treści ogłoszenia, które naruszają przepisy prawa?",7293f181
"Jak mogę zgłosić treści, które uważam za bezprawne lub sprzeczne z Regulaminem na OLX?",20bdbe32
"Co powinienem zamieścić w zgłoszeniu nadużycia, aby Grupa OLX mogła je zweryfikować?",20bdbe32
Czy muszę podawać ID Ogłoszenia przy zgłaszaniu naruszenia na OLX?,20bdbe32
Gdzie znajdę opcję 'zgłoś naruszenie' w serwisie OLX?,20bdbe32
Jakie informacje kontaktowe muszę podać przy zgłoszeniu bezprawnych treści w OLX?,20bdbe32
"Co zrobi OLX, jeśli otrzyma informację, że zamieszczona treść jest bezprawna lub narusza regulamin serwisu?",15542325
"Czy OLX zablokuje moje ogłoszenie, jeśli dostanie informację o naruszeniu regulaminu?",15542325
Jakie kroki podejmie OLX po blokadzie ogłoszenia z powodu zgłoszenia nadużycia?,15542325
Czy OLX poinformuje mnie o przyczynie blokady treści na moim koncie i co zawiera taka informacja?,15542325
"Czy zawsze będę poinformowany o blokadzie treści przez OLX, nawet jeśli organ publiczny żąda tajności?",15542325
Czy mogę jako użytkownik biznesowy odwołać się od decyzji o zablokowaniu mojej treści na OLX?,51a23b03
"Jakie kroki muszę podjąć, aby zakwestionować blokadę mojego ogłoszenia na OLX?",51a23b03
"Co się stanie, jeśli mój sprzeciw wobec blokady treści na OLX zostanie uznany za zasadny?",51a23b03
"Czy otrzymam zwrot opłaty za płatne usługi, jeśli moje ogłoszenie zostanie przywrócone po blokadzie na OLX?",51a23b03
"W jaki sposób OLX zwróci mi pieniądze, jeśli mój sprzeciw wobec blokady treści zostanie uznany?",51a23b03
"Co się stanie, jeśli mój sprzeciw zostanie uznany za bezzasadny?",0e8ded0c
"Co się dzieje, jeśli nie złożę sprzeciwu w terminie 7 dni od otrzymania informacji?",0e8ded0c
"Czy zablokowana treść może zostać przywrócona, jeśli sprzeciw nie zostanie uznany?",0e8ded0c
"Jakie są zasady zwrotu opłat za usługi płatne, jeżeli moje ogłoszenie zostanie usunięte?",0e8ded0c
Czy mogę otrzymać zwrot opłat za usunięte ogłoszenie w formie pieniężnej?,0e8ded0c
"Czy OLX może usunąć moje ogłoszenie, jeśli uzna, że stanowi ono zagrożenie dla innych użytkowników?",6a293a6d
"Czy OLX może zablokować moje konto, jeżeli moje ogłoszenie może zagrażać bezpieczeństwu innych osób?",6a293a6d
"Czy OLX ma prawo usunąć moje ogłoszenie, gdy negatywnie wpływa na ich dobre imię?",6a293a6d
"Czy moje konto na OLX może zostać zablokowane, jeśli moje działania szkodzą Grupie OLX?",6a293a6d
"Czy OLX może podjąć działania przeciwko mojemu ogłoszeniu, jeśli uznają, że szkodzi ono ich reputacji?",6a293a6d
"Co się stanie, jeśli poważnie naruszę prawo korzystając z OLX?",368caa05
Jakie działania OLX podejmie w przypadku powtarzających się prób publikowania nielegalnych treści?,368caa05
Czy OLX może zawiesić moje konto za wielokrotne naruszenia regulaminu?,368caa05
Co oznacza zawieszenie konta na OLX i jakie ma to konsekwencje dla użytkownika?,368caa05
Jakie są różnice między zawieszeniem a zablokowaniem konta na OLX?,368caa05
"Co się stanie, jeśli moje konto na OLX zostanie zablokowane lub zawieszone?",d261a76e
"Jak dowiem się, że moje konto na OLX zostało zawieszone?",d261a76e
"Czy zostanę poinformowany, jeśli OLX zablokuje moje ogłoszenie?",d261a76e
Gdzie mogę znaleźć powody blokady mojego konta na OLX?,d261a76e
"Jak mogę złożyć skargę, jeśli nie zgadzam się z blokadą mojego konta na OLX?",d261a76e
Na jakiej podstawie OLX podejmuje decyzje o blokadzie lub zawieszeniu treści lub konta?,653d264c
"Jak OLX identyfikuje treści lub działania użytkowników, które naruszają regulamin?",653d264c
Jakie są główne cele polityk i procedur moderacyjnych OLX?,653d264c
Co OLX bada podczas oceny treści pod kątem naruszenia regulaminu?,653d264c
Dlaczego OLX blokuje lub zawiesza niektóre treści lub konta użytkowników?,653d264c
Jak OLX wykrywa treści lub działania niezgodne z regulaminem?,f1be8bd4
Czy OLX korzysta z narzędzi automatycznych do moderacji treści?,f1be8bd4
W jaki sposób serwis OLX identyfikuje naruszenia regulaminu?,f1be8bd4
Czy OLX używa automatyzowanych systemów do analizy ogłoszeń?,f1be8bd4
Jakie technologie OLX stosuje do monitorowania aktywności użytkowników?,f1be8bd4
Czy wszystkie decyzje związane z naruszeniem Regulaminu na OLX są podejmowane automatycznie czy ręcznie?,74123939
Jak OLX podejmuje decyzje w przypadku naruszenia postanowień Regulaminu lub przepisów prawa?,74123939
"Kto ocenia treści lub działania użytkowników, które mogą naruszać przepisy na OLX?",74123939
"Czy mogę zgłosić inną osobę na OLX, jeśli uważam, że narusza ona Regulamin lub przepisy obowiązującego prawa?",74123939
Jakie organy lub organizacje mogą zgłaszać naruszenia na OLX?,74123939
